{"11238": "Request Large Bulky Item Collection", "11231": "Request Large Bulky Item Collection", "11365": "Request Large Bulky Item Collection", "11691": "Request Large Bulky Item Collection", "11423": "Request Large Bulky Item Collection", "11355": "Blocked Driveway", "10031": "HEAT/HOT WATER", "10003": "Illegal Parking", "10027": "Noise - Residential", "10463": "HEAT/HOT WATER", "11417": "Request Large Bulky Item Collection", "11234": "Illegal Parking", "11221": "Noise - Residential", "11373": "HEAT/HOT WATER", "11220": "HEAT/HOT WATER", "11237": "Noise - Residential", "11375": "Blocked Driveway", "10459": "HEAT/HOT WATER", "11229": "Blocked Driveway", "11372": "HEAT/HOT WATER", "11210": "Illegal Parking", "11219": "Request Large Bulky Item Collection", "10472": "HEAT/HOT WATER", "11354": "Blocked Driveway", "11201": "Noise - Residential", "11226": "HEAT/HOT WATER", "11694": "Request Large Bulky Item Collection", "11207": "Noise - Residential", "11209": "Request Large Bulky Item Collection", "10302": "Request Large Bulky Item Collection", "10029": "Noise - Residential", "11418": "Request Large Bulky Item Collection", "10014": "Request Large Bulky Item Collection", "10032": "HEAT/HOT WATER", "10019": "Illegal Parking", "10065": "Street Condition", "10457": "HEAT/HOT WATER", "11420": "Request Large Bulky Item Collection", "11223": "Illegal Parking", "11204": "Illegal Parking", "10460": "HEAT/HOT WATER", "11228": "Request Large Bulky Item Collection", "11230": "Illegal Parking", "10471": "HEAT/HOT WATER", "10467": "HEAT/HOT WATER", "11203": "Blocked Driveway", "11379": "Request Large Bulky Item Collection", "10038": "Noise", "10016": "Illegal Parking", "10012": "Request Large Bulky Item Collection", "11211": "Request Large Bulky Item Collection", "10040": "Noise - Residential", "10464": "Illegal Parking", "10306": "Request Large Bulky Item Collection", "10301": "Noise", "11368": "Blocked Driveway", "11218": "Illegal Parking", "10465": "Request Large Bulky Item Collection", "11249": "Illegal Parking", "11377": "Illegal Parking", "11421": "Request Large Bulky Item Collection", "10039": "Noise - Residential", "10033": "Noise - Residential", "11435": "Blocked Driveway", "11215": "Request Large Bulky Item Collection", "11432": "Noise - Vehicle", "10309": "Request Large Bulky Item Collection", "10034": "HEAT/HOT WATER", "10453": "HEAT/HOT WATER", "11103": "Request Large Bulky Item Collection", "10468": "HEAT/HOT WATER", "11419": "Noise - Residential", "11385": "Request Large Bulky Item Collection", "10024": "Noise - Residential", "10466": "Noise - Residential", "11378": "Illegal Parking", "10451": "HEAT/HOT WATER", "10452": "HEAT/HOT WATER", "10017": "Noise", "11208": "Blocked Driveway", "10469": "Blocked Driveway", "11369": "Blocked Driveway", "10312": "Request Large Bulky Item Collection", "10026": "Noise - Residential", "10456": "HEAT/HOT WATER", "11428": "Request Large Bulky Item Collection", "11222": "Request Large Bulky Item Collection", "10009": "Noise - Residential", "11358": "Request Large Bulky Item Collection", "10461": "Illegal Parking", "11101": "Illegal Parking", "11217": "Request Large Bulky Item Collection", "10470": "HEAT/HOT WATER", "11415": "HEAT/HOT WATER", "10304": "Request Large Bulky Item Collection", "11206": "Noise - Residential", "10462": "HEAT/HOT WATER", "10035": "HEAT/HOT WATER", "11225": "HEAT/HOT WATER", "11416": "Request Large Bulky Item Collection", "10473": "Noise - Residential", "11213": "HEAT/HOT WATER", "10025": "HEAT/HOT WATER", "11426": "Request Large Bulky Item Collection", "11370": "Illegal Parking", "10010": "Illegal Parking", "11236": "Blocked Driveway", "10458": "HEAT/HOT WATER", "11106": "Illegal Parking", "11356": "Request Large Bulky Item Collection", "11362": "Request Large Bulky Item Collection", "10474": "Noise - Residential", "11214": "Illegal Parking", "10454": "Noise - Residential", "10305": "Request Large Bulky Item Collection", "11361": "Request Large Bulky Item Collection", "11102": "Illegal Parking", "10002": "Illegal Parking", "11235": "HEAT/HOT WATER", "10022": "Street Condition", "11434": "Request Large Bulky Item Collection", "11232": "Street Condition", "11693": "Request Large Bulky Item Collection", "11414": "Request Large Bulky Item Collection", "11212": "HEAT/HOT WATER", "10028": "Request Large Bulky Item Collection", "10036": "Noise", "11104": "HEAT/HOT WATER", "11367": "Request Large Bulky Item Collection", "11105": "Request Large Bulky Item Collection", "11224": "Noise - Residential", "10021": "Illegal Parking", "11692": "Request Large Bulky Item Collection", "10030": "HEAT/HOT WATER", "10314": "Request Large Bulky Item Collection", "11109": "Illegal Parking", "10455": "HEAT/HOT WATER", "10018": "Noise", "11001": "Request Large Bulky Item Collection", "10005": "Noise", "10011": "Request Large Bulky Item Collection", "11374": "Illegal Parking", "11205": "Noise - Residential", "11364": "Request Large Bulky Item Collection", "10013": "Noise", "11216": "Request Large Bulky Item Collection", "10310": "Street Condition", "10001": "Noise", "11436": "Request Large Bulky Item Collection", "11366": "Noise - Vehicle", "11412": "Request Large Bulky Item Collection", "10128": "Noise", "11357": "Request Large Bulky Item Collection", "11422": "Request Large Bulky Item Collection", "10023": "Illegal Parking", "11004": "Request Large Bulky Item Collection", "10007": "Illegal Parking", "11427": "Request Large Bulky Item Collection", "10037": "HEAT/HOT WATER", "11233": "HEAT/HOT WATER", "11433": "Blocked Driveway", "10303": "Request Large Bulky Item Collection", "11429": "Request Large Bulky Item Collection", "11413": "Request Large Bulky Item Collection", "11363": "Street Condition", "11360": "Request Large Bulky Item Collection", "10308": "Request Large Bulky Item Collection", "10307": "Request Large Bulky Item Collection", "11411": "Request Large Bulky Item Collection", "10000": "Noise - Park", "10075": "Request Large Bulky Item Collection", "10004": "Vending", "10279": "Noise", "10280": "Illegal Parking", "10475": "Street Condition"}