{"10451": {"County Name": "Bronx"}, "10452": {"County Name": "Bronx"}, "10453": {"County Name": "Bronx"}, "10454": {"County Name": "Bronx"}, "10455": {"County Name": "Bronx"}, "10456": {"County Name": "Bronx"}, "10457": {"County Name": "Bronx"}, "10458": {"County Name": "Bronx"}, "10459": {"County Name": "Bronx"}, "10460": {"County Name": "Bronx"}, "10461": {"County Name": "Bronx"}, "10462": {"County Name": "Bronx"}, "10463": {"County Name": "Bronx"}, "10464": {"County Name": "Bronx"}, "10465": {"County Name": "Bronx"}, "10466": {"County Name": "Bronx"}, "10467": {"County Name": "Bronx"}, "10468": {"County Name": "Bronx"}, "10469": {"County Name": "Bronx"}, "10470": {"County Name": "Bronx"}, "10471": {"County Name": "Bronx"}, "10472": {"County Name": "Bronx"}, "10473": {"County Name": "Bronx"}, "10474": {"County Name": "Bronx"}, "10475": {"County Name": "Bronx"}, "11201": {"County Name": "Kings"}, "11203": {"County Name": "Kings"}, "11204": {"County Name": "Kings"}, "11205": {"County Name": "Kings"}, "11206": {"County Name": "Kings"}, "11207": {"County Name": "Kings"}, "11208": {"County Name": "Kings"}, "11209": {"County Name": "Kings"}, "11210": {"County Name": "Kings"}, "11211": {"County Name": "Kings"}, "11212": {"County Name": "Kings"}, "11213": {"County Name": "Kings"}, "11214": {"County Name": "Kings"}, "11215": {"County Name": "Kings"}, "11216": {"County Name": "Kings"}, "11217": {"County Name": "Kings"}, "11218": {"County Name": "Kings"}, "11219": {"County Name": "Kings"}, "11220": {"County Name": "Kings"}, "11221": {"County Name": "Kings"}, "11222": {"County Name": "Kings"}, "11223": {"County Name": "Kings"}, "11224": {"County Name": "Kings"}, "11225": {"County Name": "Kings"}, "11226": {"County Name": "Kings"}, "11228": {"County Name": "Kings"}, "11229": {"County Name": "Kings"}, "11230": {"County Name": "Kings"}, "11231": {"County Name": "Kings"}, "11232": {"County Name": "Kings"}, "11233": {"County Name": "Kings"}, "11234": {"County Name": "Kings"}, "11235": {"County Name": "Kings"}, "11236": {"County Name": "Kings"}, "11237": {"County Name": "Kings"}, "11238": {"County Name": "Kings"}, "11249": {"County Name": "Kings"}, "10001": {"County Name": "New York"}, "10002": {"County Name": "New York"}, "10003": {"County Name": "New York"}, "10004": {"County Name": "New York"}, "10005": {"County Name": "New York"}, "10007": {"County Name": "New York"}, "10009": {"County Name": "New York"}, "10010": {"County Name": "New York"}, "10011": {"County Name": "New York"}, "10012": {"County Name": "New York"}, "10013": {"County Name": "New York"}, "10014": {"County Name": "New York"}, "10016": {"County Name": "New York"}, "10017": {"County Name": "New York"}, "10018": {"County Name": "New York"}, "10019": {"County Name": "New York"}, "10021": {"County Name": "New York"}, "10022": {"County Name": "New York"}, "10023": {"County Name": "New York"}, "10024": {"County Name": "New York"}, "10025": {"County Name": "New York"}, "10026": {"County Name": "New York"}, "10027": {"County Name": "New York"}, "10028": {"County Name": "New York"}, "10029": {"County Name": "New York"}, "10030": {"County Name": "New York"}, "10031": {"County Name": "New York"}, "10032": {"County Name": "New York"}, "10033": {"County Name": "New York"}, "10034": {"County Name": "New York"}, "10035": {"County Name": "New York"}, "10036": {"County Name": "New York"}, "10037": {"County Name": "New York"}, "10038": {"County Name": "New York"}, "10039": {"County Name": "New York"}, "10040": {"County Name": "New York"}, "10065": {"County Name": "New York"}, "10075": {"County Name": "New York"}, "10128": {"County Name": "New York"}, "10279": {"County Name": "New York"}, "10280": {"County Name": "New York"}, "11001": {"County Name": "Queens"}, "11004": {"County Name": "Queens"}, "11101": {"County Name": "Queens"}, "11102": {"County Name": "Queens"}, "11103": {"County Name": "Queens"}, "11104": {"County Name": "Queens"}, "11105": {"County Name": "Queens"}, "11106": {"County Name": "Queens"}, "11109": {"County Name": "Queens"}, "11354": {"County Name": "Queens"}, "11355": {"County Name": "Queens"}, "11356": {"County Name": "Queens"}, "11357": {"County Name": "Queens"}, "11358": {"County Name": "Queens"}, "11360": {"County Name": "Queens"}, "11361": {"County Name": "Queens"}, "11362": {"County Name": "Queens"}, "11363": {"County Name": "Queens"}, "11364": {"County Name": "Queens"}, "11365": {"County Name": "Queens"}, "11366": {"County Name": "Queens"}, "11367": {"County Name": "Queens"}, "11368": {"County Name": "Queens"}, "11369": {"County Name": "Queens"}, "11370": {"County Name": "Queens"}, "11372": {"County Name": "Queens"}, "11373": {"County Name": "Queens"}, "11374": {"County Name": "Queens"}, "11375": {"County Name": "Queens"}, "11377": {"County Name": "Queens"}, "11378": {"County Name": "Queens"}, "11379": {"County Name": "Queens"}, "11385": {"County Name": "Queens"}, "11411": {"County Name": "Queens"}, "11412": {"County Name": "Queens"}, "11413": {"County Name": "Queens"}, "11414": {"County Name": "Queens"}, "11415": {"County Name": "Queens"}, "11416": {"County Name": "Queens"}, "11417": {"County Name": "Queens"}, "11418": {"County Name": "Queens"}, "11419": {"County Name": "Queens"}, "11420": {"County Name": "Queens"}, "11421": {"County Name": "Queens"}, "11422": {"County Name": "Queens"}, "11423": {"County Name": "Queens"}, "11426": {"County Name": "Queens"}, "11427": {"County Name": "Queens"}, "11428": {"County Name": "Queens"}, "11429": {"County Name": "Queens"}, "11432": {"County Name": "Queens"}, "11433": {"County Name": "Queens"}, "11434": {"County Name": "Queens"}, "11435": {"County Name": "Queens"}, "11436": {"County Name": "Queens"}, "11691": {"County Name": "Queens"}, "11692": {"County Name": "Queens"}, "11693": {"County Name": "Queens"}, "11694": {"County Name": "Queens"}, "10301": {"County Name": "Richmond"}, "10302": {"County Name": "Richmond"}, "10303": {"County Name": "Richmond"}, "10304": {"County Name": "Richmond"}, "10305": {"County Name": "Richmond"}, "10306": {"County Name": "Richmond"}, "10307": {"County Name": "Richmond"}, "10308": {"County Name": "Richmond"}, "10309": {"County Name": "Richmond"}, "10310": {"County Name": "Richmond"}, "10312": {"County Name": "Richmond"}, "10314": {"County Name": "Richmond"}}